currency,instrument,TotalTrade
,,5061000
CNY,,1427000
CNY,REITS,618000
CNY,mutual,809000
EUR,,1121000
EUR,CFD,271000
EUR,futures,464000
EUR,options,386000
GBP,,1162000
GBP,commodities,582000
GBP,forex,580000
USD,,1351000
USD,ETF,567000
USD,bonds,502000
USD,stocks,282000